{"meta":{"version":1,"warehouse":"4.0.0"},"models":{"Asset":[{"_id":"node_modules/hexo-theme-landscape/source/fancybox/jquery.fancybox.min.css","path":"fancybox/jquery.fancybox.min.css","modified":0,"renderable":1},{"_id":"node_modules/hexo-theme-landscape/source/css/style.styl","path":"css/style.styl","modified":0,"renderable":1},{"_id":"node_modules/hexo-theme-landscape/source/fancybox/jquery.fancybox.min.js","path":"fancybox/jquery.fancybox.min.js","modified":0,"renderable":1},{"_id":"node_modules/hexo-theme-landscape/source/js/jquery-3.4.1.min.js","path":"js/jquery-3.4.1.min.js","modified":0,"renderable":1},{"_id":"node_modules/hexo-theme-landscape/source/js/script.js","path":"js/script.js","modified":0,"renderable":1},{"_id":"node_modules/hexo-theme-landscape/source/css/fonts/FontAwesome.otf","path":"css/fonts/FontAwesome.otf","modified":0,"renderable":1},{"_id":"node_modules/hexo-theme-landscape/source/css/fonts/fontawesome-webfont.eot","path":"css/fonts/fontawesome-webfont.eot","modified":0,"renderable":1},{"_id":"node_modules/hexo-theme-landscape/source/css/fonts/fontawesome-webfont.svg","path":"css/fonts/fontawesome-webfont.svg","modified":0,"renderable":1},{"_id":"node_modules/hexo-theme-landscape/source/css/fonts/fontawesome-webfont.ttf","path":"css/fonts/fontawesome-webfont.ttf","modified":0,"renderable":1},{"_id":"node_modules/hexo-theme-landscape/source/css/fonts/fontawesome-webfont.woff2","path":"css/fonts/fontawesome-webfont.woff2","modified":0,"renderable":1},{"_id":"node_modules/hexo-theme-landscape/source/css/fonts/fontawesome-webfont.woff","path":"css/fonts/fontawesome-webfont.woff","modified":0,"renderable":1},{"_id":"node_modules/hexo-theme-landscape/source/css/images/banner.jpg","path":"css/images/banner.jpg","modified":0,"renderable":1},{"_id":"themes/hexo-theme-matery-master/source/favicon.png","path":"favicon.png","modified":0,"renderable":1},{"_id":"themes/hexo-theme-matery-master/source/css/bb.css","path":"css/bb.css","modified":0,"renderable":1},{"_id":"themes/hexo-theme-matery-master/source/css/my-gitalk.css","path":"css/my-gitalk.css","modified":0,"renderable":1},{"_id":"themes/hexo-theme-matery-master/source/css/matery.css","path":"css/matery.css","modified":0,"renderable":1},{"_id":"themes/hexo-theme-matery-master/source/css/gitment.css","path":"css/gitment.css","modified":0,"renderable":1},{"_id":"themes/hexo-theme-matery-master/source/css/my.css","path":"css/my.css","modified":0,"renderable":1},{"_id":"themes/hexo-theme-matery-master/source/medias/avatar.jpg","path":"medias/avatar.jpg","modified":0,"renderable":1},{"_id":"themes/hexo-theme-matery-master/source/medias/cover.jpg","path":"medias/cover.jpg","modified":0,"renderable":1},{"_id":"themes/hexo-theme-matery-master/source/medias/contact.png","path":"medias/contact.png","modified":0,"renderable":1},{"_id":"themes/hexo-theme-matery-master/source/medias/comment_bg.png","path":"medias/comment_bg.png","modified":0,"renderable":1},{"_id":"themes/hexo-theme-matery-master/source/medias/icp.png","path":"medias/icp.png","modified":0,"renderable":1},{"_id":"themes/hexo-theme-matery-master/source/medias/logo.png","path":"medias/logo.png","modified":0,"renderable":1},{"_id":"themes/hexo-theme-matery-master/source/js/matery.js","path":"js/matery.js","modified":0,"renderable":1},{"_id":"themes/hexo-theme-matery-master/source/js/search.js","path":"js/search.js","modified":0,"renderable":1},{"_id":"themes/hexo-theme-matery-master/source/libs/animate/animate.min.css","path":"libs/animate/animate.min.css","modified":0,"renderable":1},{"_id":"themes/hexo-theme-matery-master/source/libs/aos/aos.css","path":"libs/aos/aos.css","modified":0,"renderable":1},{"_id":"themes/hexo-theme-matery-master/source/libs/aos/aos.js","path":"libs/aos/aos.js","modified":0,"renderable":1},{"_id":"themes/hexo-theme-matery-master/source/libs/aplayer/APlayer.min.css","path":"libs/aplayer/APlayer.min.css","modified":0,"renderable":1},{"_id":"themes/hexo-theme-matery-master/source/libs/aplayer/APlayer.min.js","path":"libs/aplayer/APlayer.min.js","modified":0,"renderable":1},{"_id":"themes/hexo-theme-matery-master/source/libs/background/ribbon-dynamic.js","path":"libs/background/ribbon-dynamic.js","modified":0,"renderable":1},{"_id":"themes/hexo-theme-matery-master/source/libs/background/canvas-nest.js","path":"libs/background/canvas-nest.js","modified":0,"renderable":1},{"_id":"themes/hexo-theme-matery-master/source/libs/background/ribbon-refresh.min.js","path":"libs/background/ribbon-refresh.min.js","modified":0,"renderable":1},{"_id":"themes/hexo-theme-matery-master/source/libs/background/ribbon.min.js","path":"libs/background/ribbon.min.js","modified":0,"renderable":1},{"_id":"themes/hexo-theme-matery-master/source/libs/codeBlock/codeBlockFuction.js","path":"libs/codeBlock/codeBlockFuction.js","modified":0,"renderable":1},{"_id":"themes/hexo-theme-matery-master/source/libs/codeBlock/codeCopy.js","path":"libs/codeBlock/codeCopy.js","modified":0,"renderable":1},{"_id":"themes/hexo-theme-matery-master/source/libs/codeBlock/codeLang.js","path":"libs/codeBlock/codeLang.js","modified":0,"renderable":1},{"_id":"themes/hexo-theme-matery-master/source/libs/codeBlock/codeShrink.js","path":"libs/codeBlock/codeShrink.js","modified":0,"renderable":1},{"_id":"themes/hexo-theme-matery-master/source/libs/cryptojs/crypto-js.min.js","path":"libs/cryptojs/crypto-js.min.js","modified":0,"renderable":1},{"_id":"themes/hexo-theme-matery-master/source/libs/echarts/echarts.min.js","path":"libs/echarts/echarts.min.js","modified":0,"renderable":1},{"_id":"themes/hexo-theme-matery-master/source/libs/dplayer/DPlayer.min.css","path":"libs/dplayer/DPlayer.min.css","modified":0,"renderable":1},{"_id":"themes/hexo-theme-matery-master/source/libs/dplayer/DPlayer.min.js","path":"libs/dplayer/DPlayer.min.js","modified":0,"renderable":1},{"_id":"themes/hexo-theme-matery-master/source/libs/gitalk/gitalk.css","path":"libs/gitalk/gitalk.css","modified":0,"renderable":1},{"_id":"themes/hexo-theme-matery-master/source/libs/gitalk/gitalk.min.js","path":"libs/gitalk/gitalk.min.js","modified":0,"renderable":1},{"_id":"themes/hexo-theme-matery-master/source/libs/gitment/gitment-default.css","path":"libs/gitment/gitment-default.css","modified":0,"renderable":1},{"_id":"themes/hexo-theme-matery-master/source/libs/gitment/gitment.js","path":"libs/gitment/gitment.js","modified":0,"renderable":1},{"_id":"themes/hexo-theme-matery-master/source/libs/instantpage/instantpage.js","path":"libs/instantpage/instantpage.js","modified":0,"renderable":1},{"_id":"themes/hexo-theme-matery-master/source/libs/jqcloud/jqcloud-1.0.4.min.js","path":"libs/jqcloud/jqcloud-1.0.4.min.js","modified":0,"renderable":1},{"_id":"themes/hexo-theme-matery-master/source/libs/jqcloud/jqcloud.css","path":"libs/jqcloud/jqcloud.css","modified":0,"renderable":1},{"_id":"themes/hexo-theme-matery-master/source/libs/jquery/jquery.min.js","path":"libs/jquery/jquery.min.js","modified":0,"renderable":1},{"_id":"themes/hexo-theme-matery-master/source/libs/minivaline/MiniValine.js","path":"libs/minivaline/MiniValine.js","modified":0,"renderable":1},{"_id":"themes/hexo-theme-matery-master/source/libs/materialize/materialize.min.css","path":"libs/materialize/materialize.min.css","modified":0,"renderable":1},{"_id":"themes/hexo-theme-matery-master/source/libs/materialize/materialize.min.js","path":"libs/materialize/materialize.min.js","modified":0,"renderable":1},{"_id":"themes/hexo-theme-matery-master/source/libs/masonry/masonry.pkgd.min.js","path":"libs/masonry/masonry.pkgd.min.js","modified":0,"renderable":1},{"_id":"themes/hexo-theme-matery-master/source/libs/others/busuanzi.pure.mini.js","path":"libs/others/busuanzi.pure.mini.js","modified":0,"renderable":1},{"_id":"themes/hexo-theme-matery-master/source/libs/others/clicklove.js","path":"libs/others/clicklove.js","modified":0,"renderable":1},{"_id":"themes/hexo-theme-matery-master/source/libs/prism/prism.css","path":"libs/prism/prism.css","modified":0,"renderable":1},{"_id":"themes/hexo-theme-matery-master/source/libs/scrollprogress/scrollProgress.min.js","path":"libs/scrollprogress/scrollProgress.min.js","modified":0,"renderable":1},{"_id":"themes/hexo-theme-matery-master/source/libs/tocbot/tocbot.css","path":"libs/tocbot/tocbot.css","modified":0,"renderable":1},{"_id":"themes/hexo-theme-matery-master/source/libs/tocbot/tocbot.min.js","path":"libs/tocbot/tocbot.min.js","modified":0,"renderable":1},{"_id":"themes/hexo-theme-matery-master/source/libs/valine/Valine.min.js","path":"libs/valine/Valine.min.js","modified":0,"renderable":1},{"_id":"themes/hexo-theme-matery-master/source/libs/valine/av-min.js","path":"libs/valine/av-min.js","modified":0,"renderable":1},{"_id":"themes/hexo-theme-matery-master/source/medias/banner/0.jpg","path":"medias/banner/0.jpg","modified":0,"renderable":1},{"_id":"themes/hexo-theme-matery-master/source/medias/banner/1.jpg","path":"medias/banner/1.jpg","modified":0,"renderable":1},{"_id":"themes/hexo-theme-matery-master/source/medias/banner/2.jpg","path":"medias/banner/2.jpg","modified":0,"renderable":1},{"_id":"themes/hexo-theme-matery-master/source/medias/banner/3.jpg","path":"medias/banner/3.jpg","modified":0,"renderable":1},{"_id":"themes/hexo-theme-matery-master/source/medias/banner/5.jpg","path":"medias/banner/5.jpg","modified":0,"renderable":1},{"_id":"themes/hexo-theme-matery-master/source/medias/banner/4.jpg","path":"medias/banner/4.jpg","modified":0,"renderable":1},{"_id":"themes/hexo-theme-matery-master/source/medias/banner/6.jpg","path":"medias/banner/6.jpg","modified":0,"renderable":1},{"_id":"themes/hexo-theme-matery-master/source/medias/featureimages/0.jpg","path":"medias/featureimages/0.jpg","modified":0,"renderable":1},{"_id":"themes/hexo-theme-matery-master/source/medias/featureimages/1.jpg","path":"medias/featureimages/1.jpg","modified":0,"renderable":1},{"_id":"themes/hexo-theme-matery-master/source/medias/featureimages/10.jpg","path":"medias/featureimages/10.jpg","modified":0,"renderable":1},{"_id":"themes/hexo-theme-matery-master/source/medias/featureimages/11.jpg","path":"medias/featureimages/11.jpg","modified":0,"renderable":1},{"_id":"themes/hexo-theme-matery-master/source/medias/featureimages/12.jpg","path":"medias/featureimages/12.jpg","modified":0,"renderable":1},{"_id":"themes/hexo-theme-matery-master/source/medias/featureimages/13.jpg","path":"medias/featureimages/13.jpg","modified":0,"renderable":1},{"_id":"themes/hexo-theme-matery-master/source/medias/featureimages/14.jpg","path":"medias/featureimages/14.jpg","modified":0,"renderable":1},{"_id":"themes/hexo-theme-matery-master/source/medias/featureimages/15.jpg","path":"medias/featureimages/15.jpg","modified":0,"renderable":1},{"_id":"themes/hexo-theme-matery-master/source/medias/featureimages/16.jpg","path":"medias/featureimages/16.jpg","modified":0,"renderable":1},{"_id":"themes/hexo-theme-matery-master/source/medias/featureimages/17.jpg","path":"medias/featureimages/17.jpg","modified":0,"renderable":1},{"_id":"themes/hexo-theme-matery-master/source/medias/featureimages/19.jpg","path":"medias/featureimages/19.jpg","modified":0,"renderable":1},{"_id":"themes/hexo-theme-matery-master/source/medias/featureimages/2.jpg","path":"medias/featureimages/2.jpg","modified":0,"renderable":1},{"_id":"themes/hexo-theme-matery-master/source/medias/featureimages/18.jpg","path":"medias/featureimages/18.jpg","modified":0,"renderable":1},{"_id":"themes/hexo-theme-matery-master/source/medias/featureimages/20.jpg","path":"medias/featureimages/20.jpg","modified":0,"renderable":1},{"_id":"themes/hexo-theme-matery-master/source/medias/featureimages/21.jpg","path":"medias/featureimages/21.jpg","modified":0,"renderable":1},{"_id":"themes/hexo-theme-matery-master/source/medias/featureimages/23.jpg","path":"medias/featureimages/23.jpg","modified":0,"renderable":1},{"_id":"themes/hexo-theme-matery-master/source/medias/featureimages/22.jpg","path":"medias/featureimages/22.jpg","modified":0,"renderable":1},{"_id":"themes/hexo-theme-matery-master/source/medias/featureimages/3.jpg","path":"medias/featureimages/3.jpg","modified":0,"renderable":1},{"_id":"themes/hexo-theme-matery-master/source/medias/featureimages/4.jpg","path":"medias/featureimages/4.jpg","modified":0,"renderable":1},{"_id":"themes/hexo-theme-matery-master/source/medias/featureimages/5.jpg","path":"medias/featureimages/5.jpg","modified":0,"renderable":1},{"_id":"themes/hexo-theme-matery-master/source/medias/featureimages/7.jpg","path":"medias/featureimages/7.jpg","modified":0,"renderable":1},{"_id":"themes/hexo-theme-matery-master/source/medias/featureimages/6.jpg","path":"medias/featureimages/6.jpg","modified":0,"renderable":1},{"_id":"themes/hexo-theme-matery-master/source/medias/featureimages/8.jpg","path":"medias/featureimages/8.jpg","modified":0,"renderable":1},{"_id":"themes/hexo-theme-matery-master/source/medias/featureimages/9.jpg","path":"medias/featureimages/9.jpg","modified":0,"renderable":1},{"_id":"themes/hexo-theme-matery-master/source/medias/reward/wechat.png","path":"medias/reward/wechat.png","modified":0,"renderable":1},{"_id":"themes/hexo-theme-matery-master/source/medias/reward/alipay.jpg","path":"medias/reward/alipay.jpg","modified":0,"renderable":1},{"_id":"themes/hexo-theme-matery-master/source/libs/awesome/css/all.css","path":"libs/awesome/css/all.css","modified":0,"renderable":1},{"_id":"themes/hexo-theme-matery-master/source/libs/awesome/webfonts/fa-brands-400.eot","path":"libs/awesome/webfonts/fa-brands-400.eot","modified":0,"renderable":1},{"_id":"themes/hexo-theme-matery-master/source/libs/awesome/webfonts/fa-brands-400.svg","path":"libs/awesome/webfonts/fa-brands-400.svg","modified":0,"renderable":1},{"_id":"themes/hexo-theme-matery-master/source/libs/awesome/webfonts/fa-brands-400.ttf","path":"libs/awesome/webfonts/fa-brands-400.ttf","modified":0,"renderable":1},{"_id":"themes/hexo-theme-matery-master/source/libs/awesome/webfonts/fa-brands-400.woff","path":"libs/awesome/webfonts/fa-brands-400.woff","modified":0,"renderable":1},{"_id":"themes/hexo-theme-matery-master/source/libs/awesome/webfonts/fa-brands-400.woff2","path":"libs/awesome/webfonts/fa-brands-400.woff2","modified":0,"renderable":1},{"_id":"themes/hexo-theme-matery-master/source/libs/awesome/webfonts/fa-regular-400.eot","path":"libs/awesome/webfonts/fa-regular-400.eot","modified":0,"renderable":1},{"_id":"themes/hexo-theme-matery-master/source/libs/awesome/webfonts/fa-regular-400.svg","path":"libs/awesome/webfonts/fa-regular-400.svg","modified":0,"renderable":1},{"_id":"themes/hexo-theme-matery-master/source/libs/awesome/webfonts/fa-regular-400.ttf","path":"libs/awesome/webfonts/fa-regular-400.ttf","modified":0,"renderable":1},{"_id":"themes/hexo-theme-matery-master/source/libs/awesome/webfonts/fa-regular-400.woff","path":"libs/awesome/webfonts/fa-regular-400.woff","modified":0,"renderable":1},{"_id":"themes/hexo-theme-matery-master/source/libs/awesome/webfonts/fa-regular-400.woff2","path":"libs/awesome/webfonts/fa-regular-400.woff2","modified":0,"renderable":1},{"_id":"themes/hexo-theme-matery-master/source/libs/awesome/webfonts/fa-solid-900.eot","path":"libs/awesome/webfonts/fa-solid-900.eot","modified":0,"renderable":1},{"_id":"themes/hexo-theme-matery-master/source/libs/awesome/webfonts/fa-solid-900.svg","path":"libs/awesome/webfonts/fa-solid-900.svg","modified":0,"renderable":1},{"_id":"themes/hexo-theme-matery-master/source/libs/awesome/webfonts/fa-solid-900.ttf","path":"libs/awesome/webfonts/fa-solid-900.ttf","modified":0,"renderable":1},{"_id":"themes/hexo-theme-matery-master/source/libs/awesome/webfonts/fa-solid-900.woff","path":"libs/awesome/webfonts/fa-solid-900.woff","modified":0,"renderable":1},{"_id":"themes/hexo-theme-matery-master/source/libs/awesome/webfonts/fa-solid-900.woff2","path":"libs/awesome/webfonts/fa-solid-900.woff2","modified":0,"renderable":1},{"_id":"themes/hexo-theme-matery-master/source/libs/lightGallery/css/lightgallery.min.css","path":"libs/lightGallery/css/lightgallery.min.css","modified":0,"renderable":1},{"_id":"themes/hexo-theme-matery-master/source/libs/lightGallery/fonts/lg.eot","path":"libs/lightGallery/fonts/lg.eot","modified":0,"renderable":1},{"_id":"themes/hexo-theme-matery-master/source/libs/lightGallery/fonts/lg.svg","path":"libs/lightGallery/fonts/lg.svg","modified":0,"renderable":1},{"_id":"themes/hexo-theme-matery-master/source/libs/lightGallery/img/loading.gif","path":"libs/lightGallery/img/loading.gif","modified":0,"renderable":1},{"_id":"themes/hexo-theme-matery-master/source/libs/lightGallery/fonts/lg.woff","path":"libs/lightGallery/fonts/lg.woff","modified":0,"renderable":1},{"_id":"themes/hexo-theme-matery-master/source/libs/lightGallery/fonts/lg.ttf","path":"libs/lightGallery/fonts/lg.ttf","modified":0,"renderable":1},{"_id":"themes/hexo-theme-matery-master/source/libs/lightGallery/img/video-play.png","path":"libs/lightGallery/img/video-play.png","modified":0,"renderable":1},{"_id":"themes/hexo-theme-matery-master/source/libs/lightGallery/img/vimeo-play.png","path":"libs/lightGallery/img/vimeo-play.png","modified":0,"renderable":1},{"_id":"themes/hexo-theme-matery-master/source/libs/lightGallery/img/youtube-play.png","path":"libs/lightGallery/img/youtube-play.png","modified":0,"renderable":1},{"_id":"themes/hexo-theme-matery-master/source/libs/lightGallery/js/lightgallery-all.min.js","path":"libs/lightGallery/js/lightgallery-all.min.js","modified":0,"renderable":1},{"_id":"themes/hexo-theme-matery-master/source/libs/share/css/share.min.css","path":"libs/share/css/share.min.css","modified":0,"renderable":1},{"_id":"themes/hexo-theme-matery-master/source/libs/share/fonts/iconfont.eot","path":"libs/share/fonts/iconfont.eot","modified":0,"renderable":1},{"_id":"themes/hexo-theme-matery-master/source/libs/share/fonts/iconfont.svg","path":"libs/share/fonts/iconfont.svg","modified":0,"renderable":1},{"_id":"themes/hexo-theme-matery-master/source/libs/share/fonts/iconfont.ttf","path":"libs/share/fonts/iconfont.ttf","modified":0,"renderable":1},{"_id":"themes/hexo-theme-matery-master/source/libs/share/fonts/iconfont.woff","path":"libs/share/fonts/iconfont.woff","modified":0,"renderable":1},{"_id":"themes/hexo-theme-matery-master/source/libs/share/js/jquery.share.min.js","path":"libs/share/js/jquery.share.min.js","modified":0,"renderable":1},{"_id":"themes/hexo-theme-matery-master/source/libs/share/js/social-share.min.js","path":"libs/share/js/social-share.min.js","modified":0,"renderable":1}],"Cache":[{"_id":"source/_posts/hello-world.md","hash":"acad91ace80b80295b11a9b7ad4c29a2dcfdd8fb","modified":1617711510536},{"_id":"node_modules/hexo-theme-landscape/LICENSE","hash":"c480fce396b23997ee23cc535518ffaaf7f458f8","modified":499162500000},{"_id":"node_modules/hexo-theme-landscape/README.md","hash":"d2772ece6d4422ccdaa0359c3e07588834044052","modified":499162500000},{"_id":"node_modules/hexo-theme-landscape/_config.yml","hash":"b608c1f1322760dce9805285a602a95832730a2e","modified":499162500000},{"_id":"node_modules/hexo-theme-landscape/package.json","hash":"347a842103dc82a53736ec92627f15c66a3240ff","modified":1617711547386},{"_id":"node_modules/hexo-theme-landscape/languages/de.yml","hash":"3ebf0775abbee928c8d7bda943c191d166ded0d3","modified":499162500000},{"_id":"node_modules/hexo-theme-landscape/languages/en.yml","hash":"3083f319b352d21d80fc5e20113ddf27889c9d11","modified":499162500000},{"_id":"node_modules/hexo-theme-landscape/languages/es.yml","hash":"76edb1171b86532ef12cfd15f5f2c1ac3949f061","modified":499162500000},{"_id":"node_modules/hexo-theme-landscape/languages/fr.yml","hash":"415e1c580ced8e4ce20b3b0aeedc3610341c76fb","modified":499162500000},{"_id":"node_modules/hexo-theme-landscape/languages/it.yml","hash":"89b7d91306b2c1a0f3ac023b657bf974f798a1e8","modified":499162500000},{"_id":"node_modules/hexo-theme-landscape/languages/hu.yml","hash":"284d557130bf54a74e7dcef9d42096130e4d9550","modified":499162500000},{"_id":"node_modules/hexo-theme-landscape/languages/ja.yml","hash":"a73e1b9c80fd6e930e2628b393bfe3fb716a21a9","modified":499162500000},{"_id":"node_modules/hexo-theme-landscape/languages/mn.yml","hash":"2e7523951072a9403ead3840ad823edd1084c116","modified":499162500000},{"_id":"node_modules/hexo-theme-landscape/languages/ko.yml","hash":"881d6a0a101706e0452af81c580218e0bfddd9cf","modified":499162500000},{"_id":"node_modules/hexo-theme-landscape/languages/nl.yml","hash":"12ed59faba1fc4e8cdd1d42ab55ef518dde8039c","modified":499162500000},{"_id":"node_modules/hexo-theme-landscape/languages/no.yml","hash":"965a171e70347215ec726952e63f5b47930931ef","modified":499162500000},{"_id":"node_modules/hexo-theme-landscape/languages/pt.yml","hash":"57d07b75d434fbfc33b0ddb543021cb5f53318a8","modified":499162500000},{"_id":"node_modules/hexo-theme-landscape/languages/ru.yml","hash":"4fda301bbd8b39f2c714e2c934eccc4b27c0a2b0","modified":499162500000},{"_id":"node_modules/hexo-theme-landscape/languages/tr.yml","hash":"a1cdbfa17682d7a971de8ab8588bf57c74224b5b","modified":499162500000},{"_id":"node_modules/hexo-theme-landscape/languages/zh-CN.yml","hash":"1efd95774f401c80193eac6ee3f1794bfe93dc5a","modified":499162500000},{"_id":"node_modules/hexo-theme-landscape/languages/zh-TW.yml","hash":"53ce3000c5f767759c7d2c4efcaa9049788599c3","modified":499162500000},{"_id":"node_modules/hexo-theme-landscape/layout/archive.ejs","hash":"2703b07cc8ac64ae46d1d263f4653013c7e1666b","modified":499162500000},{"_id":"node_modules/hexo-theme-landscape/layout/category.ejs","hash":"765426a9c8236828dc34759e604cc2c52292835a","modified":499162500000},{"_id":"node_modules/hexo-theme-landscape/layout/index.ejs","hash":"aa1b4456907bdb43e629be3931547e2d29ac58c8","modified":499162500000},{"_id":"node_modules/hexo-theme-landscape/layout/layout.ejs","hash":"0d1765036e4874500e68256fedb7470e96eeb6ee","modified":499162500000},{"_id":"node_modules/hexo-theme-landscape/layout/page.ejs","hash":"7d80e4e36b14d30a7cd2ac1f61376d9ebf264e8b","modified":499162500000},{"_id":"node_modules/hexo-theme-landscape/layout/post.ejs","hash":"7d80e4e36b14d30a7cd2ac1f61376d9ebf264e8b","modified":499162500000},{"_id":"node_modules/hexo-theme-landscape/layout/tag.ejs","hash":"eaa7b4ccb2ca7befb90142e4e68995fb1ea68b2e","modified":499162500000},{"_id":"node_modules/hexo-theme-landscape/scripts/fancybox.js","hash":"c857d7a5e4a5d71c743a009c5932bf84229db428","modified":499162500000},{"_id":"node_modules/hexo-theme-landscape/layout/_partial/after-footer.ejs","hash":"414914ebb159fac1922b056b905e570ac7521925","modified":499162500000},{"_id":"node_modules/hexo-theme-landscape/layout/_partial/archive-post.ejs","hash":"c7a71425a946d05414c069ec91811b5c09a92c47","modified":499162500000},{"_id":"node_modules/hexo-theme-landscape/layout/_partial/archive.ejs","hash":"7cb70a7a54f8c7ae49b10d1f37c0a9b74eab8826","modified":499162500000},{"_id":"node_modules/hexo-theme-landscape/layout/_partial/article.ejs","hash":"dfd555c00e85ffc4207c88968d12b219c1f086ec","modified":499162500000},{"_id":"node_modules/hexo-theme-landscape/layout/_partial/footer.ejs","hash":"3656eb692254346671abc03cb3ba1459829e0dce","modified":499162500000},{"_id":"node_modules/hexo-theme-landscape/layout/_partial/gauges-analytics.ejs","hash":"21a1e2a3907d1a3dad1cd0ab855fe6735f233c74","modified":499162500000},{"_id":"node_modules/hexo-theme-landscape/layout/_partial/google-analytics.ejs","hash":"2ea7442ea1e1a8ab4e41e26c563f58413b59a3d0","modified":499162500000},{"_id":"node_modules/hexo-theme-landscape/layout/_partial/head.ejs","hash":"f215d92a882247a7cc5ea80b241bedfcec0ea6ca","modified":499162500000},{"_id":"node_modules/hexo-theme-landscape/layout/_partial/header.ejs","hash":"c1acd247e14588cdf101a69460cb8319c18cd078","modified":499162500000},{"_id":"node_modules/hexo-theme-landscape/layout/_partial/mobile-nav.ejs","hash":"e952a532dfc583930a666b9d4479c32d4a84b44e","modified":499162500000},{"_id":"node_modules/hexo-theme-landscape/layout/_partial/sidebar.ejs","hash":"930da35cc2d447a92e5ee8f835735e6fd2232469","modified":499162500000},{"_id":"node_modules/hexo-theme-landscape/layout/_widget/archive.ejs","hash":"beb4a86fcc82a9bdda9289b59db5a1988918bec3","modified":499162500000},{"_id":"node_modules/hexo-theme-landscape/layout/_widget/category.ejs","hash":"dd1e5af3c6af3f5d6c85dfd5ca1766faed6a0b05","modified":499162500000},{"_id":"node_modules/hexo-theme-landscape/layout/_widget/recent_posts.ejs","hash":"60c4b012dcc656438ff59997e60367e5a21ab746","modified":499162500000},{"_id":"node_modules/hexo-theme-landscape/layout/_widget/tag.ejs","hash":"2de380865df9ab5f577f7d3bcadf44261eb5faae","modified":499162500000},{"_id":"node_modules/hexo-theme-landscape/layout/_widget/tagcloud.ejs","hash":"b4a2079101643f63993dcdb32925c9b071763b46","modified":499162500000},{"_id":"node_modules/hexo-theme-landscape/source/css/_extend.styl","hash":"222fbe6d222531d61c1ef0f868c90f747b1c2ced","modified":499162500000},{"_id":"node_modules/hexo-theme-landscape/source/css/_variables.styl","hash":"581b0cbefdaa5f894922133989dd2d3bf71ded79","modified":499162500000},{"_id":"node_modules/hexo-theme-landscape/source/fancybox/jquery.fancybox.min.css","hash":"1be9b79be02a1cfc5d96c4a5e0feb8f472babd95","modified":499162500000},{"_id":"node_modules/hexo-theme-landscape/source/css/style.styl","hash":"9c451e5efd72c5bb8b56e8c2b94be731e99db05b","modified":499162500000},{"_id":"node_modules/hexo-theme-landscape/source/js/script.js","hash":"998ed4c5b147e1299bf62beebf33514474f28112","modified":499162500000},{"_id":"node_modules/hexo-theme-landscape/layout/_partial/post/date.ejs","hash":"f1458584b679545830b75bef2526e2f3eb931045","modified":499162500000},{"_id":"node_modules/hexo-theme-landscape/layout/_partial/post/category.ejs","hash":"c6bcd0e04271ffca81da25bcff5adf3d46f02fc0","modified":499162500000},{"_id":"node_modules/hexo-theme-landscape/layout/_partial/post/gallery.ejs","hash":"3d9d81a3c693ff2378ef06ddb6810254e509de5b","modified":499162500000},{"_id":"node_modules/hexo-theme-landscape/layout/_partial/post/nav.ejs","hash":"16a904de7bceccbb36b4267565f2215704db2880","modified":499162500000},{"_id":"node_modules/hexo-theme-landscape/layout/_partial/post/tag.ejs","hash":"2fcb0bf9c8847a644167a27824c9bb19ac74dd14","modified":499162500000},{"_id":"node_modules/hexo-theme-landscape/layout/_partial/post/title.ejs","hash":"4d7e62574ddf46de9b41605fe3140d77b5ddb26d","modified":499162500000},{"_id":"node_modules/hexo-theme-landscape/source/css/_util/grid.styl","hash":"0bf55ee5d09f193e249083602ac5fcdb1e571aed","modified":499162500000},{"_id":"node_modules/hexo-theme-landscape/source/css/_util/mixin.styl","hash":"44f32767d9fd3c1c08a60d91f181ee53c8f0dbb3","modified":499162500000},{"_id":"node_modules/hexo-theme-landscape/source/css/_partial/archive.styl","hash":"db15f5677dc68f1730e82190bab69c24611ca292","modified":499162500000},{"_id":"node_modules/hexo-theme-landscape/source/css/_partial/comment.styl","hash":"79d280d8d203abb3bd933ca9b8e38c78ec684987","modified":499162500000},{"_id":"node_modules/hexo-theme-landscape/source/css/_partial/article.styl","hash":"80759482d07063c091e940f964a1cf6693d3d406","modified":499162500000},{"_id":"node_modules/hexo-theme-landscape/source/css/_partial/footer.styl","hash":"e35a060b8512031048919709a8e7b1ec0e40bc1b","modified":499162500000},{"_id":"node_modules/hexo-theme-landscape/source/css/_partial/header.styl","hash":"85ab11e082f4dd86dde72bed653d57ec5381f30c","modified":499162500000},{"_id":"node_modules/hexo-theme-landscape/source/css/_partial/highlight.styl","hash":"bf4e7be1968dad495b04e83c95eac14c4d0ad7c0","modified":499162500000},{"_id":"node_modules/hexo-theme-landscape/source/css/_partial/mobile.styl","hash":"a399cf9e1e1cec3e4269066e2948d7ae5854d745","modified":499162500000},{"_id":"node_modules/hexo-theme-landscape/source/css/_partial/sidebar-aside.styl","hash":"890349df5145abf46ce7712010c89237900b3713","modified":499162500000},{"_id":"node_modules/hexo-theme-landscape/source/css/_partial/sidebar-bottom.styl","hash":"8fd4f30d319542babfd31f087ddbac550f000a8a","modified":499162500000},{"_id":"node_modules/hexo-theme-landscape/source/css/_partial/sidebar.styl","hash":"404ec059dc674a48b9ab89cd83f258dec4dcb24d","modified":499162500000},{"_id":"node_modules/hexo-theme-landscape/source/fancybox/jquery.fancybox.min.js","hash":"6181412e73966696d08e1e5b1243a572d0f22ba6","modified":499162500000},{"_id":"node_modules/hexo-theme-landscape/source/js/jquery-3.4.1.min.js","hash":"88523924351bac0b5d560fe0c5781e2556e7693d","modified":499162500000},{"_id":"node_modules/hexo-theme-landscape/source/css/fonts/fontawesome-webfont.woff2","hash":"d6f48cba7d076fb6f2fd6ba993a75b9dc1ecbf0c","modified":499162500000},{"_id":"node_modules/hexo-theme-landscape/source/css/fonts/fontawesome-webfont.woff","hash":"28b782240b3e76db824e12c02754a9731a167527","modified":499162500000},{"_id":"node_modules/hexo-theme-landscape/source/css/fonts/FontAwesome.otf","hash":"048707bc52ac4b6563aaa383bfe8660a0ddc908c","modified":499162500000},{"_id":"node_modules/hexo-theme-landscape/source/css/fonts/fontawesome-webfont.eot","hash":"d980c2ce873dc43af460d4d572d441304499f400","modified":499162500000},{"_id":"node_modules/hexo-theme-landscape/source/css/fonts/fontawesome-webfont.ttf","hash":"13b1eab65a983c7a73bc7997c479d66943f7c6cb","modified":499162500000},{"_id":"node_modules/hexo-theme-landscape/source/css/images/banner.jpg","hash":"f44aa591089fcb3ec79770a1e102fd3289a7c6a6","modified":499162500000},{"_id":"node_modules/hexo-theme-landscape/source/css/fonts/fontawesome-webfont.svg","hash":"98a8aa5cf7d62c2eff5f07ede8d844b874ef06ed","modified":499162500000},{"_id":"source/_posts/MyFirstBlog.md","hash":"5c7149198bceb7d18914bcb410b44aa9dc401f9b","modified":1617711743082},{"_id":"public/2021/04/06/MyFirstBlog/index.html","hash":"da39a3ee5e6b4b0d3255bfef95601890afd80709","modified":1617715096065},{"_id":"public/2021/04/06/hello-world/index.html","hash":"da39a3ee5e6b4b0d3255bfef95601890afd80709","modified":1617715096065},{"_id":"public/archives/index.html","hash":"da39a3ee5e6b4b0d3255bfef95601890afd80709","modified":1617715096065},{"_id":"public/archives/2021/index.html","hash":"da39a3ee5e6b4b0d3255bfef95601890afd80709","modified":1617715096065},{"_id":"public/archives/2021/04/index.html","hash":"da39a3ee5e6b4b0d3255bfef95601890afd80709","modified":1617715096065},{"_id":"public/index.html","hash":"da39a3ee5e6b4b0d3255bfef95601890afd80709","modified":1617715096065},{"_id":"public/css/fonts/fontawesome-webfont.woff2","hash":"d6f48cba7d076fb6f2fd6ba993a75b9dc1ecbf0c","modified":1617711762201},{"_id":"public/css/fonts/fontawesome-webfont.woff","hash":"28b782240b3e76db824e12c02754a9731a167527","modified":1617711762201},{"_id":"public/css/fonts/FontAwesome.otf","hash":"048707bc52ac4b6563aaa383bfe8660a0ddc908c","modified":1617711762201},{"_id":"public/css/fonts/fontawesome-webfont.eot","hash":"d980c2ce873dc43af460d4d572d441304499f400","modified":1617711762201},{"_id":"public/css/fonts/fontawesome-webfont.ttf","hash":"13b1eab65a983c7a73bc7997c479d66943f7c6cb","modified":1617711762201},{"_id":"public/fancybox/jquery.fancybox.min.css","hash":"1be9b79be02a1cfc5d96c4a5e0feb8f472babd95","modified":1617711762201},{"_id":"public/js/script.js","hash":"998ed4c5b147e1299bf62beebf33514474f28112","modified":1617711762201},{"_id":"public/css/style.css","hash":"263d98c93ae32dda6f7bbc8473105f3c441aca99","modified":1617711762201},{"_id":"public/css/images/banner.jpg","hash":"f44aa591089fcb3ec79770a1e102fd3289a7c6a6","modified":1617711762201},{"_id":"public/fancybox/jquery.fancybox.min.js","hash":"6181412e73966696d08e1e5b1243a572d0f22ba6","modified":1617711762201},{"_id":"public/js/jquery-3.4.1.min.js","hash":"88523924351bac0b5d560fe0c5781e2556e7693d","modified":1617711762201},{"_id":"public/css/fonts/fontawesome-webfont.svg","hash":"98a8aa5cf7d62c2eff5f07ede8d844b874ef06ed","modified":1617711762201},{"_id":"themes/hexo-theme-matery-master/.gitignore","hash":"727607929a51db7ea10968f547c26041eee9cfff","modified":1606456707000},{"_id":"themes/hexo-theme-matery-master/CHANGELOG.md","hash":"084ec8b110a20170d08a0aa5fd8accf601051835","modified":1606456707000},{"_id":"themes/hexo-theme-matery-master/LICENSE","hash":"7df059597099bb7dcf25d2a9aedfaf4465f72d8d","modified":1606456707000},{"_id":"themes/hexo-theme-matery-master/README.md","hash":"0366f3d50b18d095b0581e7b5974e3283d693884","modified":1606456707000},{"_id":"themes/hexo-theme-matery-master/README_CN.md","hash":"089de96e2165ea2a8a3adf38ebda85b65e7f716e","modified":1606456707000},{"_id":"themes/hexo-theme-matery-master/_config.yml","hash":"3b30379feba50801e764f2db59321459d0ddd4fb","modified":1617713726920},{"_id":"themes/hexo-theme-matery-master/languages/default.yml","hash":"54ccc01b097c5bf6820f0edfcece1a87b78ab32d","modified":1606456707000},{"_id":"themes/hexo-theme-matery-master/languages/zh-CN.yml","hash":"a957b05f70265a86a87d922e18488571809d2472","modified":1606456707000},{"_id":"themes/hexo-theme-matery-master/languages/zh-HK.yml","hash":"ae34ac0e175c3037675722e436637efbceea32f0","modified":1606456707000},{"_id":"themes/hexo-theme-matery-master/layout/404.ejs","hash":"9c8ca67377211e5d60fdde272a975faa9a91a22a","modified":1606456707000},{"_id":"themes/hexo-theme-matery-master/layout/about.ejs","hash":"41849f9300b8dc47048333fcf4a897dd8a2a13ca","modified":1606456707000},{"_id":"themes/hexo-theme-matery-master/layout/archive.ejs","hash":"cdac701de8370f9f3794a0eed4165983993a1ca7","modified":1606456707000},{"_id":"themes/hexo-theme-matery-master/layout/bb.ejs","hash":"21959d702f17a3d98b716daf44c8b5eecd59c7c5","modified":1606456707000},{"_id":"themes/hexo-theme-matery-master/layout/categories.ejs","hash":"8e54665cc25d7c333da7d9f312987190be6215da","modified":1606456707000},{"_id":"themes/hexo-theme-matery-master/layout/category.ejs","hash":"00019bca11fb46477f22017cb1f5ad8444da0580","modified":1606456707000},{"_id":"themes/hexo-theme-matery-master/layout/contact.ejs","hash":"19d62e521c4253496db559478db5164ddfd2480e","modified":1606456707000},{"_id":"themes/hexo-theme-matery-master/layout/friends.ejs","hash":"92892bab5578ccf758ce57e19fca08be80d0d5b9","modified":1606456707000},{"_id":"themes/hexo-theme-matery-master/layout/index.ejs","hash":"4dc6f08e7709cc04e886be72dbf0d06469f0effc","modified":1606456707000},{"_id":"themes/hexo-theme-matery-master/layout/post.ejs","hash":"90b5a4c1f70e4756db569c15a7c6cad0c77c4500","modified":1606456707000},{"_id":"themes/hexo-theme-matery-master/layout/layout.ejs","hash":"974b44eb3e343cd3ee57ebad34bbb0eff4184400","modified":1606456707000},{"_id":"themes/hexo-theme-matery-master/layout/tag.ejs","hash":"85a4b05bd8a6ad0f17ff2e97dae56949b379c204","modified":1606456707000},{"_id":"themes/hexo-theme-matery-master/source/favicon.png","hash":"774fee8c6d0be9dbb010b20f36c06848d06e3da0","modified":1606456707000},{"_id":"themes/hexo-theme-matery-master/layout/tags.ejs","hash":"cf9517aa6a0111355121f44615d6923e312283c7","modified":1606456707000},{"_id":"themes/hexo-theme-matery-master/layout/_widget/category-cloud.ejs","hash":"1b3df1009234c0112424b497b18b4ad8240b3bc7","modified":1606456707000},{"_id":"themes/hexo-theme-matery-master/layout/_widget/artitalk.ejs","hash":"b14e486f12b9ac42a273b80e4d785fcb94cf04b2","modified":1606456707000},{"_id":"themes/hexo-theme-matery-master/layout/_widget/category-radar.ejs","hash":"1d8747fda89a0b2ca3c7008867cbfeecad0578a6","modified":1606456707000},{"_id":"themes/hexo-theme-matery-master/layout/_widget/dream.ejs","hash":"9a472ad5591100cdb65d0df9d01034163bd6dd9d","modified":1606456707000},{"_id":"themes/hexo-theme-matery-master/layout/_widget/music.ejs","hash":"e9e3e327d5de9d7aeadbde32e1d558652d9e9195","modified":1606456707000},{"_id":"themes/hexo-theme-matery-master/layout/_widget/my-gallery.ejs","hash":"65a2d2f9722f84c7fd98f6bdf79087a14848ebd8","modified":1606456707000},{"_id":"themes/hexo-theme-matery-master/layout/_widget/my-skills.ejs","hash":"89a0092df72d23093128f2fbbdc8ca7f83ebcfd9","modified":1606456707000},{"_id":"themes/hexo-theme-matery-master/layout/_widget/my-projects.ejs","hash":"ef60b64021fa349b0048425d858dfcf6c906fede","modified":1606456707000},{"_id":"themes/hexo-theme-matery-master/layout/_widget/post-calendar.ejs","hash":"48821e644bc73553d7c5c56d2e8ee111a70cd776","modified":1606456707000},{"_id":"themes/hexo-theme-matery-master/layout/_widget/post-charts.ejs","hash":"ab5f986f428215941aeaa0c88aefd440c47d3bcf","modified":1606456707000},{"_id":"themes/hexo-theme-matery-master/layout/_widget/tag-wordcloud.ejs","hash":"487aacb2454d6bf0d21cdb07ddd1fd5ddbca9038","modified":1606456707000},{"_id":"themes/hexo-theme-matery-master/layout/_widget/recommend.ejs","hash":"8551137e94ca4e2e3b8b63d5626255884cb60cb5","modified":1606456707000},{"_id":"themes/hexo-theme-matery-master/layout/_widget/tag-cloud.ejs","hash":"fc42b72cddc231f7485cdc1fd6852b66be6add26","modified":1606456707000},{"_id":"themes/hexo-theme-matery-master/layout/_widget/video.ejs","hash":"a0e002377af2a7f7e4da6d9a644de97adb035925","modified":1606456707000},{"_id":"themes/hexo-theme-matery-master/layout/_partial/back-top.ejs","hash":"47ee36a042bb6d52bbe1d0f329637e8ffcf1d0aa","modified":1606456707000},{"_id":"themes/hexo-theme-matery-master/layout/_partial/background.ejs","hash":"aef6edeeb11209831a11d8c7f5d59992e2573335","modified":1606456707000},{"_id":"themes/hexo-theme-matery-master/layout/_partial/baidu-analytics.ejs","hash":"3bbcdb474ca1dcad514bdc4b7763e17c55df04fd","modified":1606456707000},{"_id":"themes/hexo-theme-matery-master/layout/_partial/bg-cover-content.ejs","hash":"28617bf2a35a4269eba6df466acd174e416d2d1e","modified":1606456707000},{"_id":"themes/hexo-theme-matery-master/layout/_partial/baidu-push.ejs","hash":"2cebcc5ea3614d7f76ec36670e68050cbe611202","modified":1606456707000},{"_id":"themes/hexo-theme-matery-master/layout/_partial/bg-cover.ejs","hash":"02191109712f61c0e487b8f0b8466597181a9004","modified":1606456707000},{"_id":"themes/hexo-theme-matery-master/layout/_partial/changyan.ejs","hash":"cd919d31564e118c2ee8d5cbfb7d51ee6da15d82","modified":1606456707000},{"_id":"themes/hexo-theme-matery-master/layout/_partial/footer.ejs","hash":"3be24e4c370671eda53bdfd99fb748f4a22948ba","modified":1606456707000},{"_id":"themes/hexo-theme-matery-master/layout/_partial/disqus.ejs","hash":"b2dc2c8b5ed56815e55cc2ea54a6dc4eeba2375d","modified":1606456707000},{"_id":"themes/hexo-theme-matery-master/layout/_partial/gitalk.ejs","hash":"2aa8fbb04b046fa7679092a48372d7e036835dff","modified":1606456707000},{"_id":"themes/hexo-theme-matery-master/layout/_partial/github-link.ejs","hash":"3aeb581bd78ab8e15b858e4c44c03bcf92f20b9e","modified":1606456707000},{"_id":"themes/hexo-theme-matery-master/layout/_partial/gitment.ejs","hash":"90f6218512ef2eab63ada7ad2fc766ae635a2297","modified":1606456707000},{"_id":"themes/hexo-theme-matery-master/layout/_partial/head.ejs","hash":"f8438ac80df005934a330b029de292d26f0b6ecb","modified":1606456707000},{"_id":"themes/hexo-theme-matery-master/layout/_partial/google-analytics.ejs","hash":"5f4992205617da5f8cc5863c62b5ec46e414e2fb","modified":1606456707000},{"_id":"themes/hexo-theme-matery-master/layout/_partial/header.ejs","hash":"59e38c70f3d8e7165e686e5e84a627835f4321b0","modified":1606456707000},{"_id":"themes/hexo-theme-matery-master/layout/_partial/index-cover.ejs","hash":"76b4a37e0364380b143fdf94bf1a5e6941564414","modified":1606456707000},{"_id":"themes/hexo-theme-matery-master/layout/_partial/livere.ejs","hash":"9c3401b42ea7f26410a5593bae93ada7e57b43be","modified":1606456707000},{"_id":"themes/hexo-theme-matery-master/layout/_partial/minivaline.ejs","hash":"5f09386aece8f9cf31f6059bbde79cd6c5171493","modified":1606456707000},{"_id":"themes/hexo-theme-matery-master/layout/_partial/mobile-nav.ejs","hash":"cb0cb452be1cd1857ba600f04025b506f3b6fc79","modified":1606456707000},{"_id":"themes/hexo-theme-matery-master/layout/_partial/navigation.ejs","hash":"78b70ff24b3039c871331ebec114b936c1756cc8","modified":1606456707000},{"_id":"themes/hexo-theme-matery-master/layout/_partial/paging.ejs","hash":"e2df12cf92a82b1a7a7add2eac1db1d954bc5511","modified":1606456707000},{"_id":"themes/hexo-theme-matery-master/layout/_partial/post-cover.ejs","hash":"d1c873c5de54498c722e155aadb8c0ec39485dfa","modified":1606456707000},{"_id":"themes/hexo-theme-matery-master/layout/_partial/post-detail-toc.ejs","hash":"3ff94aff01936242a9f4e1f31adb9b43bfab8d53","modified":1606456707000},{"_id":"themes/hexo-theme-matery-master/layout/_partial/post-detail.ejs","hash":"880ebaf78a947631a38ad0b3d65201315845a264","modified":1606456707000},{"_id":"themes/hexo-theme-matery-master/layout/_partial/reprint-statement.ejs","hash":"0ce3f9361f558b99cc2f059c5e50b0e2a152ae38","modified":1606456707000},{"_id":"themes/hexo-theme-matery-master/layout/_partial/prev-next.ejs","hash":"c76b78782ea82340104fccc089417572e0adece4","modified":1606456707000},{"_id":"themes/hexo-theme-matery-master/layout/_partial/post-statis.ejs","hash":"04889f9031743c6b081d02fa4027b0dbfcc45ecf","modified":1606456707000},{"_id":"themes/hexo-theme-matery-master/layout/_partial/reward.ejs","hash":"ffc55bc7e73bc698bfc58d8e3780c336b83282cf","modified":1606456707000},{"_id":"themes/hexo-theme-matery-master/layout/_partial/search.ejs","hash":"150529c9fb9aa8ddb42ec3e02645d301faa2503b","modified":1606456707000},{"_id":"themes/hexo-theme-matery-master/layout/_partial/share.ejs","hash":"c941730a2471d6aab367cbb6e09ed08b56c83143","modified":1606456707000},{"_id":"themes/hexo-theme-matery-master/layout/_partial/valine.ejs","hash":"0e4c0a6154aa34007849928ca88f05b6185b256e","modified":1606456707000},{"_id":"themes/hexo-theme-matery-master/layout/_partial/social-link.ejs","hash":"6f871bd3a70f720e4e451f1f4f625cbc6d8994a4","modified":1606456707000},{"_id":"themes/hexo-theme-matery-master/source/css/bb.css","hash":"aa15633888c7cf9baea8bb48d796c68b57cf14bf","modified":1606456707000},{"_id":"themes/hexo-theme-matery-master/source/css/my-gitalk.css","hash":"af18dd29e58642c18bab9b89541767b494c468dd","modified":1606456707000},{"_id":"themes/hexo-theme-matery-master/source/css/matery.css","hash":"a630f6e8643904073dce9eada57b5c16c4dba5e2","modified":1606456707000},{"_id":"themes/hexo-theme-matery-master/source/css/gitment.css","hash":"2bd15cc17dca35ac3ecc0acf167a23a1dd362acd","modified":1606456707000},{"_id":"themes/hexo-theme-matery-master/source/css/my.css","hash":"497e50351f7838f8546cac76850a42e7e380a110","modified":1606456707000},{"_id":"themes/hexo-theme-matery-master/source/medias/avatar.jpg","hash":"2a6287308628881ce27b9a7de53ba15c2be00d02","modified":1606456707000},{"_id":"themes/hexo-theme-matery-master/source/medias/contact.png","hash":"443ea472dd49b74d9d70295837eb381c8c64f02c","modified":1606456707000},{"_id":"themes/hexo-theme-matery-master/source/medias/comment_bg.png","hash":"dfc93d24081884fbc58cab0f8fd19e77d31d6123","modified":1606456707000},{"_id":"themes/hexo-theme-matery-master/source/medias/icp.png","hash":"27a96f31f7d0413c6ade6f40e06f021f501151c7","modified":1606456707000},{"_id":"themes/hexo-theme-matery-master/source/js/matery.js","hash":"b86de5fe3e9766b7ff80df12ea41c3a9e30825f7","modified":1606456707000},{"_id":"themes/hexo-theme-matery-master/source/medias/logo.png","hash":"d9095f5ea8719374d9d1ff020279426f5b2a1396","modified":1606456707000},{"_id":"themes/hexo-theme-matery-master/source/libs/animate/animate.min.css","hash":"97afa151569f046b2e01f27c1871646e9cd87caf","modified":1606456707000},{"_id":"themes/hexo-theme-matery-master/source/js/search.js","hash":"e1482406c58ea2a0eb178d7e4efb2c879cdddc80","modified":1606456707000},{"_id":"themes/hexo-theme-matery-master/source/libs/aos/aos.css","hash":"191a3705a8f63e589a50a0ff2f2c5559f1a1b6b2","modified":1606456707000},{"_id":"themes/hexo-theme-matery-master/source/libs/aos/aos.js","hash":"02bfb40b0c4b6e9b0b4081218357145cbb327d74","modified":1606456707000},{"_id":"themes/hexo-theme-matery-master/source/libs/aplayer/APlayer.min.css","hash":"07372a2ba507388d0fed166d761b1c2c2a659dce","modified":1606456707000},{"_id":"themes/hexo-theme-matery-master/source/libs/aplayer/APlayer.min.js","hash":"22caa28ff6b41a16ff40f15d38f1739e22359478","modified":1606456707000},{"_id":"themes/hexo-theme-matery-master/source/libs/background/ribbon-dynamic.js","hash":"052b80c29e6bc585aa28d4504b743bdbac220a88","modified":1606456707000},{"_id":"themes/hexo-theme-matery-master/source/libs/background/canvas-nest.js","hash":"65333d0dbb9c1173a1b13031b230161fc42c8b2f","modified":1606456707000},{"_id":"themes/hexo-theme-matery-master/source/libs/background/ribbon-refresh.min.js","hash":"6d98692b2cad8c746a562db18b170b35c24402f4","modified":1606456707000},{"_id":"themes/hexo-theme-matery-master/source/libs/background/ribbon.min.js","hash":"6a99d494c030388f96f6086a7aaa0f03f3fe532e","modified":1606456707000},{"_id":"themes/hexo-theme-matery-master/source/libs/codeBlock/codeBlockFuction.js","hash":"c7ab06d27a525b15b1eb69027135269e9b9132fb","modified":1606456707000},{"_id":"themes/hexo-theme-matery-master/source/libs/codeBlock/codeCopy.js","hash":"6d39a766af62e625f177c4d5cf3adc35eed71e61","modified":1606456707000},{"_id":"themes/hexo-theme-matery-master/source/libs/codeBlock/codeLang.js","hash":"bac88b4d4e3679732d29bd037c34f089cf27cf05","modified":1606456707000},{"_id":"themes/hexo-theme-matery-master/source/libs/codeBlock/codeShrink.js","hash":"201e8cd761b4be557247bdaf1ebc7c11c83194f6","modified":1606456707000},{"_id":"themes/hexo-theme-matery-master/source/libs/cryptojs/crypto-js.min.js","hash":"5989527a378b55011a59522f41eeb3981518325c","modified":1606456707000},{"_id":"themes/hexo-theme-matery-master/source/libs/dplayer/DPlayer.min.css","hash":"f7d19655f873b813ffba5d1a17145c91f82631b8","modified":1606456707000},{"_id":"themes/hexo-theme-matery-master/source/libs/gitalk/gitalk.css","hash":"940ded3ea12c2fe1ab0820d2831ec405f3f1fe9f","modified":1606456707000},{"_id":"themes/hexo-theme-matery-master/source/libs/gitment/gitment-default.css","hash":"2903c59ee06b965bef32e937bd69f5b0b2190717","modified":1606456707000},{"_id":"themes/hexo-theme-matery-master/source/libs/instantpage/instantpage.js","hash":"83ce8919b1a69b2f1809ffaf99b52a8627e650e9","modified":1606456707000},{"_id":"themes/hexo-theme-matery-master/source/libs/jqcloud/jqcloud-1.0.4.min.js","hash":"257eaae3020599e4939f50d5008a743827f25b8c","modified":1606456707000},{"_id":"themes/hexo-theme-matery-master/source/libs/jqcloud/jqcloud.css","hash":"20d9f11a19d95c70e27cb922e0d6dccbec4eae89","modified":1606456707000},{"_id":"themes/hexo-theme-matery-master/source/libs/minivaline/MiniValine.js","hash":"fbb58c37e2c74f127ae0c566afa9b48889aab79f","modified":1606456707000},{"_id":"themes/hexo-theme-matery-master/source/libs/masonry/masonry.pkgd.min.js","hash":"ff940b4ea68368ca0e4d5560cbb79fb147dfc3c5","modified":1606456707000},{"_id":"themes/hexo-theme-matery-master/source/libs/others/busuanzi.pure.mini.js","hash":"6e41f31100ae7eb3a6f23f2c168f6dd56e7f7a9a","modified":1606456707000},{"_id":"themes/hexo-theme-matery-master/source/libs/others/clicklove.js","hash":"6a39b8c683ba5dcd92f70c6ab45d1cfac3213e8e","modified":1606456707000},{"_id":"themes/hexo-theme-matery-master/source/libs/prism/prism.css","hash":"62e5474893dece076534352f564ceabd6e088a5a","modified":1606456707000},{"_id":"themes/hexo-theme-matery-master/source/libs/scrollprogress/scrollProgress.min.js","hash":"777ffe5d07e85a14fbe97d846f45ffc0087251cc","modified":1606456707000},{"_id":"themes/hexo-theme-matery-master/source/libs/tocbot/tocbot.css","hash":"9ab8ef576c9a57115194152e79cca79b0a41dd70","modified":1606456707000},{"_id":"themes/hexo-theme-matery-master/source/libs/tocbot/tocbot.min.js","hash":"5ec27317f0270b8cf6b884c6f12025700b9a565c","modified":1606456707000},{"_id":"themes/hexo-theme-matery-master/source/medias/featureimages/10.jpg","hash":"98e7f6fd9c97d4de9044b6871ca08ebf14db11b9","modified":1606456707000},{"_id":"themes/hexo-theme-matery-master/source/medias/featureimages/13.jpg","hash":"35a320174f8e316e3eadaec658024276b651c6e9","modified":1606456707000},{"_id":"themes/hexo-theme-matery-master/source/medias/featureimages/15.jpg","hash":"da0fbee3b7bde1607eace377ddf834c0be99edfe","modified":1606456707000},{"_id":"themes/hexo-theme-matery-master/source/medias/featureimages/16.jpg","hash":"97a829c4bc94f9d2929b20a1a9b798c57b9f7205","modified":1606456707000},{"_id":"themes/hexo-theme-matery-master/source/medias/featureimages/2.jpg","hash":"4bba691cf71a517ecaeaf42afd3e8f8b31e346c1","modified":1606456707000},{"_id":"themes/hexo-theme-matery-master/source/medias/featureimages/21.jpg","hash":"b26edb128bb0bf58b23fd2f014e9555e89a2ca3b","modified":1606456707000},{"_id":"themes/hexo-theme-matery-master/source/medias/featureimages/23.jpg","hash":"7d7f37da3fa7128343adac23866449eb2c6a549a","modified":1606456707000},{"_id":"themes/hexo-theme-matery-master/source/medias/featureimages/22.jpg","hash":"754579747a3e99747d890fca3162f370b96a7941","modified":1606456707000},{"_id":"themes/hexo-theme-matery-master/source/medias/featureimages/3.jpg","hash":"6ec646c2a70f5f11edacf225c1477f2200a37a96","modified":1606456707000},{"_id":"themes/hexo-theme-matery-master/source/medias/featureimages/5.jpg","hash":"41ca20129a37fedc573eec28dd7d7b9e5b09228a","modified":1606456707000},{"_id":"themes/hexo-theme-matery-master/source/medias/featureimages/7.jpg","hash":"7975141cd64e875122c0ea33daaca1a06bf00b8e","modified":1606456707000},{"_id":"themes/hexo-theme-matery-master/source/medias/featureimages/8.jpg","hash":"8e4b7186352085483ca1174c7c0800114c48df8b","modified":1606456707000},{"_id":"themes/hexo-theme-matery-master/source/medias/reward/wechat.png","hash":"fe93385aa92fe328e01c8221a80b039be9e4e140","modified":1606456707000},{"_id":"themes/hexo-theme-matery-master/source/medias/reward/alipay.jpg","hash":"1abc719b95d1b26f1f898e6b0a9b7609146e332f","modified":1606456707000},{"_id":"themes/hexo-theme-matery-master/source/libs/awesome/webfonts/fa-regular-400.ttf","hash":"0f4bd02942a54a6b3200d9078adff88c2812e751","modified":1606456707000},{"_id":"themes/hexo-theme-matery-master/source/libs/awesome/webfonts/fa-regular-400.eot","hash":"439c8afd3373acb4a73135a34e220464a89cd5e2","modified":1606456707000},{"_id":"themes/hexo-theme-matery-master/source/libs/awesome/webfonts/fa-regular-400.woff","hash":"59439d3ad31d856d78ec3e2bd9f1eafa2c7a581c","modified":1606456707000},{"_id":"themes/hexo-theme-matery-master/source/libs/awesome/webfonts/fa-regular-400.woff2","hash":"f6f653b4ea8fc487bdb590d39d5a726258a55f40","modified":1606456707000},{"_id":"themes/hexo-theme-matery-master/source/libs/lightGallery/css/lightgallery.min.css","hash":"1b7227237f9785c66062a4811508916518e4132c","modified":1606456707000},{"_id":"themes/hexo-theme-matery-master/source/libs/lightGallery/fonts/lg.eot","hash":"54caf05a81e33d7bf04f2e420736ce6f1de5f936","modified":1606456707000},{"_id":"themes/hexo-theme-matery-master/source/libs/lightGallery/fonts/lg.woff","hash":"3048de344dd5cad4624e0127e58eaae4b576f574","modified":1606456707000},{"_id":"themes/hexo-theme-matery-master/source/libs/lightGallery/fonts/lg.svg","hash":"9c6632aeec67d3e84a1434884aa801514ff8103b","modified":1606456707000},{"_id":"themes/hexo-theme-matery-master/source/libs/lightGallery/fonts/lg.ttf","hash":"f6421c0c397311ae09f9257aa58bcd5e9720f493","modified":1606456707000},{"_id":"themes/hexo-theme-matery-master/source/libs/lightGallery/img/video-play.png","hash":"2962e03ddbe04d7e201a5acccac531a2bbccddfc","modified":1606456707000},{"_id":"themes/hexo-theme-matery-master/source/libs/lightGallery/img/loading.gif","hash":"15a76af2739482d8de7354abc6d8dc4fca8d145e","modified":1606456707000},{"_id":"themes/hexo-theme-matery-master/source/libs/lightGallery/img/vimeo-play.png","hash":"9b72fc0f86a01467ed0b68c9cc4d604ec316d517","modified":1606456707000},{"_id":"themes/hexo-theme-matery-master/source/libs/lightGallery/img/youtube-play.png","hash":"f8d11384d33b7a79ee2ba8d522844f14d5067a80","modified":1606456707000},{"_id":"themes/hexo-theme-matery-master/source/libs/share/css/share.min.css","hash":"8a778a86f3ce9a042df6be63a9f1039631e351a5","modified":1606456707000},{"_id":"themes/hexo-theme-matery-master/source/libs/share/fonts/iconfont.eot","hash":"00ff749c8e202401190cc98d56087cdda716abe4","modified":1606456707000},{"_id":"themes/hexo-theme-matery-master/source/libs/share/fonts/iconfont.svg","hash":"1d56c9d5db0273f07c43cc1397e440f98ba7827a","modified":1606456707000},{"_id":"themes/hexo-theme-matery-master/source/libs/share/fonts/iconfont.ttf","hash":"afd898f59d363887418669520b24d175f966a083","modified":1606456707000},{"_id":"themes/hexo-theme-matery-master/source/libs/share/js/social-share.min.js","hash":"a3090a02786dcd4efc6355c1c1dc978add8d6827","modified":1606456707000},{"_id":"themes/hexo-theme-matery-master/source/libs/lightGallery/js/lightgallery-all.min.js","hash":"9f5ef4bc8a0a3c746ca4f3c3e6d64493b1a977d8","modified":1606456707000},{"_id":"themes/hexo-theme-matery-master/source/libs/share/fonts/iconfont.woff","hash":"2e3fce1dcfbd6e2114e7bfbeaf72d3c62e15a1bd","modified":1606456707000},{"_id":"themes/hexo-theme-matery-master/source/libs/share/js/jquery.share.min.js","hash":"41367dcb857e02e3c417ebe68a554ce1d4430806","modified":1606456707000},{"_id":"themes/hexo-theme-matery-master/source/libs/gitment/gitment.js","hash":"28c02c45ce568e084cd1041dc493f83f9c6c88c6","modified":1606456707000},{"_id":"themes/hexo-theme-matery-master/source/libs/jquery/jquery.min.js","hash":"2115753ca5fb7032aec498db7bb5dca624dbe6be","modified":1606456707000},{"_id":"themes/hexo-theme-matery-master/source/libs/valine/Valine.min.js","hash":"6cbdbf91e1f046dd41267a5ff0691a1fccba99df","modified":1606456707000},{"_id":"themes/hexo-theme-matery-master/source/medias/banner/0.jpg","hash":"69ec96cd9b4bc3aa631adc9da61353f50c39f031","modified":1606456707000},{"_id":"themes/hexo-theme-matery-master/source/medias/banner/2.jpg","hash":"39fb2535460ce66cc0b34e07ffb9411db1405f09","modified":1606456707000},{"_id":"themes/hexo-theme-matery-master/source/libs/dplayer/DPlayer.min.js","hash":"c3bad7b265574fab0ae4d45867422ea1cb9d6599","modified":1606456707000},{"_id":"themes/hexo-theme-matery-master/source/medias/banner/3.jpg","hash":"4ac047e92d0363b1a61ab756aca6dac13fb77494","modified":1606456707000},{"_id":"themes/hexo-theme-matery-master/source/medias/featureimages/0.jpg","hash":"1c3300f029fc85d6dda6fa4f1d699551034cdaf7","modified":1606456707000},{"_id":"themes/hexo-theme-matery-master/source/medias/featureimages/1.jpg","hash":"684ae89de8cb7acefae19f5aee6c612037c46393","modified":1606456707000},{"_id":"themes/hexo-theme-matery-master/source/medias/featureimages/11.jpg","hash":"f55972ce7175684f2b11c3c9fc2b5b14bccbfae8","modified":1606456707000},{"_id":"themes/hexo-theme-matery-master/source/medias/featureimages/12.jpg","hash":"8a4b2e7d92ae95c3b0c921db23c35aa9a41a7d58","modified":1606456707000},{"_id":"themes/hexo-theme-matery-master/source/medias/featureimages/14.jpg","hash":"38e11221406785bcd93aa9cd23e568e164630ef1","modified":1606456707000},{"_id":"themes/hexo-theme-matery-master/source/medias/featureimages/17.jpg","hash":"42d47903551ee81885c1386022982cae165841c5","modified":1606456707000},{"_id":"themes/hexo-theme-matery-master/source/medias/featureimages/18.jpg","hash":"64829272ec85bb819d55ff89e5b5fd6f64aa436b","modified":1606456707000},{"_id":"themes/hexo-theme-matery-master/source/medias/featureimages/19.jpg","hash":"eb250906fdbc0c408f42ae9933725bc1a05d79fb","modified":1606456707000},{"_id":"themes/hexo-theme-matery-master/source/medias/featureimages/20.jpg","hash":"3b11f9b461168d907073f793190865fe621a8573","modified":1606456707000},{"_id":"themes/hexo-theme-matery-master/source/libs/awesome/css/all.css","hash":"ecc41e32ad2696877a1656749841f3b5543bbe3d","modified":1606456707000},{"_id":"themes/hexo-theme-matery-master/source/libs/awesome/webfonts/fa-brands-400.ttf","hash":"91cbeeaceb644a971241c08362898599d6d968ce","modified":1606456707000},{"_id":"themes/hexo-theme-matery-master/source/libs/awesome/webfonts/fa-brands-400.eot","hash":"22f9e7d5226408eb2d0a11e118257a3ca22b8670","modified":1606456707000},{"_id":"themes/hexo-theme-matery-master/source/libs/awesome/webfonts/fa-brands-400.woff2","hash":"a46bd47ff0a90b812aafafda587d095cdb844271","modified":1606456707000},{"_id":"themes/hexo-theme-matery-master/source/libs/awesome/webfonts/fa-brands-400.woff","hash":"18838f5260317da3c5ed29bf844ac8a4f7ad0529","modified":1606456707000},{"_id":"themes/hexo-theme-matery-master/source/libs/awesome/webfonts/fa-solid-900.woff","hash":"92803b8753ceda573c6906774677c5a7081d2fbb","modified":1606456707000},{"_id":"themes/hexo-theme-matery-master/source/libs/awesome/webfonts/fa-solid-900.woff2","hash":"9c081b88b106c6c04ecb895ba7ba7d3dcb3b55ac","modified":1606456707000},{"_id":"themes/hexo-theme-matery-master/source/medias/cover.jpg","hash":"d4957ff7cc5e88555cd840f2956ab0561e6f1ccf","modified":1606456707000},{"_id":"themes/hexo-theme-matery-master/source/libs/gitalk/gitalk.min.js","hash":"8fefe38f28804f90116bdcb74a0875c9de9f3b7d","modified":1606456707000},{"_id":"themes/hexo-theme-matery-master/source/libs/materialize/materialize.min.css","hash":"a69d456e3345e7f59cd0d47d1b3e70fd4a496a05","modified":1606456707000},{"_id":"themes/hexo-theme-matery-master/source/libs/materialize/materialize.min.js","hash":"c8b4c65651921d888cf5f27430dfe2ad190d35bf","modified":1606456707000},{"_id":"themes/hexo-theme-matery-master/source/libs/valine/av-min.js","hash":"541efb9edc1ce425cbe3897cfc25803211fe6a05","modified":1606456707000},{"_id":"themes/hexo-theme-matery-master/source/medias/banner/1.jpg","hash":"ab122a36998a4f62a61e61a4fc5e00248113413b","modified":1606456707000},{"_id":"themes/hexo-theme-matery-master/source/medias/featureimages/4.jpg","hash":"e06c47de27619984be9d5d02947f8370a432dfea","modified":1606456707000},{"_id":"themes/hexo-theme-matery-master/source/medias/featureimages/6.jpg","hash":"c8f2aa4bbb041158b4e73733a341e6a77c8583f7","modified":1606456707000},{"_id":"themes/hexo-theme-matery-master/source/medias/featureimages/9.jpg","hash":"b956a2291a04b2132366b53666cf34858b8bdb1f","modified":1606456707000},{"_id":"themes/hexo-theme-matery-master/source/libs/awesome/webfonts/fa-regular-400.svg","hash":"3d3a49445343d80f3b553e3e3425b9a7bd49acaf","modified":1606456707000},{"_id":"themes/hexo-theme-matery-master/source/libs/awesome/webfonts/fa-solid-900.eot","hash":"cab8e84ae5682d1d556e234df9c790985888def8","modified":1606456707000},{"_id":"themes/hexo-theme-matery-master/source/libs/awesome/webfonts/fa-solid-900.ttf","hash":"9521ed12274c2cbc910cea77657116fcf6545da3","modified":1606456707000},{"_id":"themes/hexo-theme-matery-master/source/medias/banner/5.jpg","hash":"852418f4f09e796e12bc3bab7a1488d3f37d6486","modified":1606456707000},{"_id":"themes/hexo-theme-matery-master/source/medias/banner/6.jpg","hash":"ed7282cc129c4ff9f322d2f2897fb4aac5c48589","modified":1606456707000},{"_id":"themes/hexo-theme-matery-master/source/medias/banner/4.jpg","hash":"e5ac5033678afa9d69edffe9a61004f836cb5734","modified":1606456707000},{"_id":"themes/hexo-theme-matery-master/source/libs/awesome/webfonts/fa-brands-400.svg","hash":"5e2d2a159294576bea69cc3360efb5ffe110ab2d","modified":1606456707000},{"_id":"themes/hexo-theme-matery-master/source/libs/echarts/echarts.min.js","hash":"9496f386a0da4601cad22c479cc5543913a4d67f","modified":1606456707000},{"_id":"themes/hexo-theme-matery-master/source/libs/awesome/webfonts/fa-solid-900.svg","hash":"7da88b19e1486f8c968d3cf5ab3f194f01ea17fd","modified":1606456707000},{"_id":"public/favicon.png","hash":"774fee8c6d0be9dbb010b20f36c06848d06e3da0","modified":1617715096065},{"_id":"public/medias/avatar.jpg","hash":"2a6287308628881ce27b9a7de53ba15c2be00d02","modified":1617715096065},{"_id":"public/medias/contact.png","hash":"443ea472dd49b74d9d70295837eb381c8c64f02c","modified":1617715096065},{"_id":"public/medias/icp.png","hash":"27a96f31f7d0413c6ade6f40e06f021f501151c7","modified":1617715096065},{"_id":"public/medias/comment_bg.png","hash":"dfc93d24081884fbc58cab0f8fd19e77d31d6123","modified":1617715096065},{"_id":"public/medias/logo.png","hash":"d9095f5ea8719374d9d1ff020279426f5b2a1396","modified":1617715096065},{"_id":"public/medias/featureimages/10.jpg","hash":"98e7f6fd9c97d4de9044b6871ca08ebf14db11b9","modified":1617715096065},{"_id":"public/medias/featureimages/13.jpg","hash":"35a320174f8e316e3eadaec658024276b651c6e9","modified":1617715096065},{"_id":"public/medias/featureimages/15.jpg","hash":"da0fbee3b7bde1607eace377ddf834c0be99edfe","modified":1617715096065},{"_id":"public/medias/featureimages/16.jpg","hash":"97a829c4bc94f9d2929b20a1a9b798c57b9f7205","modified":1617715096065},{"_id":"public/medias/featureimages/2.jpg","hash":"4bba691cf71a517ecaeaf42afd3e8f8b31e346c1","modified":1617715096065},{"_id":"public/medias/featureimages/22.jpg","hash":"754579747a3e99747d890fca3162f370b96a7941","modified":1617715096065},{"_id":"public/medias/featureimages/21.jpg","hash":"b26edb128bb0bf58b23fd2f014e9555e89a2ca3b","modified":1617715096065},{"_id":"public/medias/featureimages/23.jpg","hash":"7d7f37da3fa7128343adac23866449eb2c6a549a","modified":1617715096065},{"_id":"public/medias/featureimages/3.jpg","hash":"6ec646c2a70f5f11edacf225c1477f2200a37a96","modified":1617715096065},{"_id":"public/medias/reward/wechat.png","hash":"fe93385aa92fe328e01c8221a80b039be9e4e140","modified":1617715096065},{"_id":"public/medias/featureimages/5.jpg","hash":"41ca20129a37fedc573eec28dd7d7b9e5b09228a","modified":1617715096065},{"_id":"public/medias/featureimages/7.jpg","hash":"7975141cd64e875122c0ea33daaca1a06bf00b8e","modified":1617715096065},{"_id":"public/medias/reward/alipay.jpg","hash":"1abc719b95d1b26f1f898e6b0a9b7609146e332f","modified":1617715096065},{"_id":"public/medias/featureimages/8.jpg","hash":"8e4b7186352085483ca1174c7c0800114c48df8b","modified":1617715096065},{"_id":"public/libs/awesome/webfonts/fa-regular-400.eot","hash":"439c8afd3373acb4a73135a34e220464a89cd5e2","modified":1617715096065},{"_id":"public/libs/awesome/webfonts/fa-regular-400.ttf","hash":"0f4bd02942a54a6b3200d9078adff88c2812e751","modified":1617715096065},{"_id":"public/libs/awesome/webfonts/fa-regular-400.woff","hash":"59439d3ad31d856d78ec3e2bd9f1eafa2c7a581c","modified":1617715096065},{"_id":"public/libs/awesome/webfonts/fa-regular-400.woff2","hash":"f6f653b4ea8fc487bdb590d39d5a726258a55f40","modified":1617715096065},{"_id":"public/libs/lightGallery/img/loading.gif","hash":"15a76af2739482d8de7354abc6d8dc4fca8d145e","modified":1617715096065},{"_id":"public/libs/lightGallery/fonts/lg.woff","hash":"3048de344dd5cad4624e0127e58eaae4b576f574","modified":1617715096065},{"_id":"public/libs/lightGallery/fonts/lg.ttf","hash":"f6421c0c397311ae09f9257aa58bcd5e9720f493","modified":1617715096065},{"_id":"public/libs/lightGallery/fonts/lg.svg","hash":"9c6632aeec67d3e84a1434884aa801514ff8103b","modified":1617715096065},{"_id":"public/libs/lightGallery/fonts/lg.eot","hash":"54caf05a81e33d7bf04f2e420736ce6f1de5f936","modified":1617715096065},{"_id":"public/libs/lightGallery/img/video-play.png","hash":"2962e03ddbe04d7e201a5acccac531a2bbccddfc","modified":1617715096065},{"_id":"public/libs/lightGallery/img/youtube-play.png","hash":"f8d11384d33b7a79ee2ba8d522844f14d5067a80","modified":1617715096065},{"_id":"public/libs/lightGallery/img/vimeo-play.png","hash":"9b72fc0f86a01467ed0b68c9cc4d604ec316d517","modified":1617715096065},{"_id":"public/libs/share/fonts/iconfont.svg","hash":"1d56c9d5db0273f07c43cc1397e440f98ba7827a","modified":1617715096065},{"_id":"public/libs/share/fonts/iconfont.woff","hash":"2e3fce1dcfbd6e2114e7bfbeaf72d3c62e15a1bd","modified":1617715096065},{"_id":"public/libs/share/fonts/iconfont.ttf","hash":"afd898f59d363887418669520b24d175f966a083","modified":1617715096065},{"_id":"public/libs/share/fonts/iconfont.eot","hash":"00ff749c8e202401190cc98d56087cdda716abe4","modified":1617715096065},{"_id":"public/medias/banner/0.jpg","hash":"69ec96cd9b4bc3aa631adc9da61353f50c39f031","modified":1617715096065},{"_id":"public/medias/banner/2.jpg","hash":"39fb2535460ce66cc0b34e07ffb9411db1405f09","modified":1617715096065},{"_id":"public/medias/banner/3.jpg","hash":"4ac047e92d0363b1a61ab756aca6dac13fb77494","modified":1617715096065},{"_id":"public/medias/featureimages/0.jpg","hash":"1c3300f029fc85d6dda6fa4f1d699551034cdaf7","modified":1617715096065},{"_id":"public/medias/featureimages/1.jpg","hash":"684ae89de8cb7acefae19f5aee6c612037c46393","modified":1617715096065},{"_id":"public/medias/featureimages/12.jpg","hash":"8a4b2e7d92ae95c3b0c921db23c35aa9a41a7d58","modified":1617715096065},{"_id":"public/medias/featureimages/11.jpg","hash":"f55972ce7175684f2b11c3c9fc2b5b14bccbfae8","modified":1617715096065},{"_id":"public/medias/featureimages/14.jpg","hash":"38e11221406785bcd93aa9cd23e568e164630ef1","modified":1617715096065},{"_id":"public/medias/featureimages/17.jpg","hash":"42d47903551ee81885c1386022982cae165841c5","modified":1617715096065},{"_id":"public/medias/featureimages/18.jpg","hash":"64829272ec85bb819d55ff89e5b5fd6f64aa436b","modified":1617715096065},{"_id":"public/medias/featureimages/19.jpg","hash":"eb250906fdbc0c408f42ae9933725bc1a05d79fb","modified":1617715096065},{"_id":"public/medias/featureimages/20.jpg","hash":"3b11f9b461168d907073f793190865fe621a8573","modified":1617715096065},{"_id":"public/medias/featureimages/4.jpg","hash":"e06c47de27619984be9d5d02947f8370a432dfea","modified":1617715096065},{"_id":"public/medias/featureimages/6.jpg","hash":"c8f2aa4bbb041158b4e73733a341e6a77c8583f7","modified":1617715096065},{"_id":"public/medias/featureimages/9.jpg","hash":"b956a2291a04b2132366b53666cf34858b8bdb1f","modified":1617715096065},{"_id":"public/libs/awesome/webfonts/fa-brands-400.eot","hash":"22f9e7d5226408eb2d0a11e118257a3ca22b8670","modified":1617715096065},{"_id":"public/libs/awesome/webfonts/fa-brands-400.ttf","hash":"91cbeeaceb644a971241c08362898599d6d968ce","modified":1617715096065},{"_id":"public/libs/awesome/webfonts/fa-brands-400.woff","hash":"18838f5260317da3c5ed29bf844ac8a4f7ad0529","modified":1617715096065},{"_id":"public/libs/awesome/webfonts/fa-brands-400.woff2","hash":"a46bd47ff0a90b812aafafda587d095cdb844271","modified":1617715096065},{"_id":"public/libs/awesome/webfonts/fa-solid-900.woff","hash":"92803b8753ceda573c6906774677c5a7081d2fbb","modified":1617715096065},{"_id":"public/libs/awesome/webfonts/fa-solid-900.woff2","hash":"9c081b88b106c6c04ecb895ba7ba7d3dcb3b55ac","modified":1617715096065},{"_id":"public/medias/cover.jpg","hash":"d4957ff7cc5e88555cd840f2956ab0561e6f1ccf","modified":1617715096065},{"_id":"public/medias/banner/5.jpg","hash":"852418f4f09e796e12bc3bab7a1488d3f37d6486","modified":1617715096065},{"_id":"public/medias/banner/6.jpg","hash":"ed7282cc129c4ff9f322d2f2897fb4aac5c48589","modified":1617715096065},{"_id":"public/medias/banner/1.jpg","hash":"ab122a36998a4f62a61e61a4fc5e00248113413b","modified":1617715096065},{"_id":"public/css/my-gitalk.css","hash":"af18dd29e58642c18bab9b89541767b494c468dd","modified":1617715096065},{"_id":"public/css/my.css","hash":"497e50351f7838f8546cac76850a42e7e380a110","modified":1617715096065},{"_id":"public/js/search.js","hash":"e1482406c58ea2a0eb178d7e4efb2c879cdddc80","modified":1617715096065},{"_id":"public/js/matery.js","hash":"b86de5fe3e9766b7ff80df12ea41c3a9e30825f7","modified":1617715096065},{"_id":"public/libs/aos/aos.js","hash":"02bfb40b0c4b6e9b0b4081218357145cbb327d74","modified":1617715096065},{"_id":"public/libs/aplayer/APlayer.min.css","hash":"07372a2ba507388d0fed166d761b1c2c2a659dce","modified":1617715096065},{"_id":"public/libs/background/ribbon-dynamic.js","hash":"052b80c29e6bc585aa28d4504b743bdbac220a88","modified":1617715096065},{"_id":"public/libs/background/canvas-nest.js","hash":"65333d0dbb9c1173a1b13031b230161fc42c8b2f","modified":1617715096065},{"_id":"public/libs/background/ribbon-refresh.min.js","hash":"6d98692b2cad8c746a562db18b170b35c24402f4","modified":1617715096065},{"_id":"public/libs/codeBlock/codeBlockFuction.js","hash":"c7ab06d27a525b15b1eb69027135269e9b9132fb","modified":1617715096065},{"_id":"public/libs/background/ribbon.min.js","hash":"6a99d494c030388f96f6086a7aaa0f03f3fe532e","modified":1617715096065},{"_id":"public/libs/codeBlock/codeLang.js","hash":"bac88b4d4e3679732d29bd037c34f089cf27cf05","modified":1617715096065},{"_id":"public/libs/codeBlock/codeCopy.js","hash":"6d39a766af62e625f177c4d5cf3adc35eed71e61","modified":1617715096065},{"_id":"public/libs/codeBlock/codeShrink.js","hash":"201e8cd761b4be557247bdaf1ebc7c11c83194f6","modified":1617715096065},{"_id":"public/libs/instantpage/instantpage.js","hash":"83ce8919b1a69b2f1809ffaf99b52a8627e650e9","modified":1617715096065},{"_id":"public/libs/jqcloud/jqcloud-1.0.4.min.js","hash":"257eaae3020599e4939f50d5008a743827f25b8c","modified":1617715096065},{"_id":"public/libs/jqcloud/jqcloud.css","hash":"20d9f11a19d95c70e27cb922e0d6dccbec4eae89","modified":1617715096065},{"_id":"public/libs/others/busuanzi.pure.mini.js","hash":"6e41f31100ae7eb3a6f23f2c168f6dd56e7f7a9a","modified":1617715096065},{"_id":"public/libs/others/clicklove.js","hash":"6a39b8c683ba5dcd92f70c6ab45d1cfac3213e8e","modified":1617715096065},{"_id":"public/libs/scrollprogress/scrollProgress.min.js","hash":"777ffe5d07e85a14fbe97d846f45ffc0087251cc","modified":1617715096065},{"_id":"public/libs/prism/prism.css","hash":"62e5474893dece076534352f564ceabd6e088a5a","modified":1617715096065},{"_id":"public/libs/tocbot/tocbot.min.js","hash":"5ec27317f0270b8cf6b884c6f12025700b9a565c","modified":1617715096065},{"_id":"public/libs/tocbot/tocbot.css","hash":"9ab8ef576c9a57115194152e79cca79b0a41dd70","modified":1617715096065},{"_id":"public/css/bb.css","hash":"aa15633888c7cf9baea8bb48d796c68b57cf14bf","modified":1617715096065},{"_id":"public/css/gitment.css","hash":"2bd15cc17dca35ac3ecc0acf167a23a1dd362acd","modified":1617715096065},{"_id":"public/libs/awesome/webfonts/fa-regular-400.svg","hash":"3d3a49445343d80f3b553e3e3425b9a7bd49acaf","modified":1617715096065},{"_id":"public/libs/share/css/share.min.css","hash":"8a778a86f3ce9a042df6be63a9f1039631e351a5","modified":1617715096065},{"_id":"public/libs/aos/aos.css","hash":"191a3705a8f63e589a50a0ff2f2c5559f1a1b6b2","modified":1617715096065},{"_id":"public/libs/gitalk/gitalk.css","hash":"940ded3ea12c2fe1ab0820d2831ec405f3f1fe9f","modified":1617715096065},{"_id":"public/libs/gitment/gitment-default.css","hash":"2903c59ee06b965bef32e937bd69f5b0b2190717","modified":1617715096065},{"_id":"public/libs/masonry/masonry.pkgd.min.js","hash":"ff940b4ea68368ca0e4d5560cbb79fb147dfc3c5","modified":1617715096065},{"_id":"public/libs/awesome/webfonts/fa-solid-900.eot","hash":"cab8e84ae5682d1d556e234df9c790985888def8","modified":1617715096065},{"_id":"public/libs/awesome/webfonts/fa-solid-900.ttf","hash":"9521ed12274c2cbc910cea77657116fcf6545da3","modified":1617715096065},{"_id":"public/libs/lightGallery/css/lightgallery.min.css","hash":"1b7227237f9785c66062a4811508916518e4132c","modified":1617715096065},{"_id":"public/libs/share/js/social-share.min.js","hash":"a3090a02786dcd4efc6355c1c1dc978add8d6827","modified":1617715096065},{"_id":"public/libs/share/js/jquery.share.min.js","hash":"41367dcb857e02e3c417ebe68a554ce1d4430806","modified":1617715096065},{"_id":"public/libs/cryptojs/crypto-js.min.js","hash":"5989527a378b55011a59522f41eeb3981518325c","modified":1617715096065},{"_id":"public/libs/dplayer/DPlayer.min.css","hash":"f7d19655f873b813ffba5d1a17145c91f82631b8","modified":1617715096065},{"_id":"public/libs/minivaline/MiniValine.js","hash":"fbb58c37e2c74f127ae0c566afa9b48889aab79f","modified":1617715096065},{"_id":"public/css/matery.css","hash":"a630f6e8643904073dce9eada57b5c16c4dba5e2","modified":1617715096065},{"_id":"public/medias/banner/4.jpg","hash":"e5ac5033678afa9d69edffe9a61004f836cb5734","modified":1617715096065},{"_id":"public/libs/animate/animate.min.css","hash":"97afa151569f046b2e01f27c1871646e9cd87caf","modified":1617715096065},{"_id":"public/libs/aplayer/APlayer.min.js","hash":"22caa28ff6b41a16ff40f15d38f1739e22359478","modified":1617715096065},{"_id":"public/libs/lightGallery/js/lightgallery-all.min.js","hash":"9f5ef4bc8a0a3c746ca4f3c3e6d64493b1a977d8","modified":1617715096065},{"_id":"public/libs/gitment/gitment.js","hash":"28c02c45ce568e084cd1041dc493f83f9c6c88c6","modified":1617715096065},{"_id":"public/libs/valine/Valine.min.js","hash":"6cbdbf91e1f046dd41267a5ff0691a1fccba99df","modified":1617715096065},{"_id":"public/libs/awesome/css/all.css","hash":"ecc41e32ad2696877a1656749841f3b5543bbe3d","modified":1617715096065},{"_id":"public/libs/jquery/jquery.min.js","hash":"2115753ca5fb7032aec498db7bb5dca624dbe6be","modified":1617715096065},{"_id":"public/libs/dplayer/DPlayer.min.js","hash":"c3bad7b265574fab0ae4d45867422ea1cb9d6599","modified":1617715096065},{"_id":"public/libs/materialize/materialize.min.css","hash":"a69d456e3345e7f59cd0d47d1b3e70fd4a496a05","modified":1617715096065},{"_id":"public/libs/gitalk/gitalk.min.js","hash":"8fefe38f28804f90116bdcb74a0875c9de9f3b7d","modified":1617715096065},{"_id":"public/libs/valine/av-min.js","hash":"541efb9edc1ce425cbe3897cfc25803211fe6a05","modified":1617715096065},{"_id":"public/libs/materialize/materialize.min.js","hash":"c8b4c65651921d888cf5f27430dfe2ad190d35bf","modified":1617715096065},{"_id":"public/libs/awesome/webfonts/fa-brands-400.svg","hash":"5e2d2a159294576bea69cc3360efb5ffe110ab2d","modified":1617715096065},{"_id":"public/libs/awesome/webfonts/fa-solid-900.svg","hash":"7da88b19e1486f8c968d3cf5ab3f194f01ea17fd","modified":1617715096065},{"_id":"public/libs/echarts/echarts.min.js","hash":"9496f386a0da4601cad22c479cc5543913a4d67f","modified":1617715096065}],"Category":[],"Data":[],"Page":[],"Post":[{"title":"Hello World","_content":"Welcome to [Hexo](https://hexo.io/)! This is your very first post. Check [documentation](https://hexo.io/docs/) for more info. If you get any problems when using Hexo, you can find the answer in [troubleshooting](https://hexo.io/docs/troubleshooting.html) or you can ask me on [GitHub](https://github.com/hexojs/hexo/issues).\n\n## Quick Start\n\n### Create a new post\n\n``` bash\n$ hexo new \"My New Post\"\n```\n\nMore info: [Writing](https://hexo.io/docs/writing.html)\n\n### Run server\n\n``` bash\n$ hexo server\n```\n\nMore info: [Server](https://hexo.io/docs/server.html)\n\n### Generate static files\n\n``` bash\n$ hexo generate\n```\n\nMore info: [Generating](https://hexo.io/docs/generating.html)\n\n### Deploy to remote sites\n\n``` bash\n$ hexo deploy\n```\n\nMore info: [Deployment](https://hexo.io/docs/one-command-deployment.html)\n","source":"_posts/hello-world.md","raw":"---\ntitle: Hello World\n---\nWelcome to [Hexo](https://hexo.io/)! This is your very first post. Check [documentation](https://hexo.io/docs/) for more info. If you get any problems when using Hexo, you can find the answer in [troubleshooting](https://hexo.io/docs/troubleshooting.html) or you can ask me on [GitHub](https://github.com/hexojs/hexo/issues).\n\n## Quick Start\n\n### Create a new post\n\n``` bash\n$ hexo new \"My New Post\"\n```\n\nMore info: [Writing](https://hexo.io/docs/writing.html)\n\n### Run server\n\n``` bash\n$ hexo server\n```\n\nMore info: [Server](https://hexo.io/docs/server.html)\n\n### Generate static files\n\n``` bash\n$ hexo generate\n```\n\nMore info: [Generating](https://hexo.io/docs/generating.html)\n\n### Deploy to remote sites\n\n``` bash\n$ hexo deploy\n```\n\nMore info: [Deployment](https://hexo.io/docs/one-command-deployment.html)\n","slug":"hello-world","published":1,"date":"2021-04-06T12:18:30.536Z","updated":"2021-04-06T12:18:30.536Z","comments":1,"layout":"post","photos":[],"link":"","_id":"ckn5zqjmf0000o8vj0ppneqm4","content":"<p>Welcome to <a href=\"https://hexo.io/\">Hexo</a>! This is your very first post. Check <a href=\"https://hexo.io/docs/\">documentation</a> for more info. If you get any problems when using Hexo, you can find the answer in <a href=\"https://hexo.io/docs/troubleshooting.html\">troubleshooting</a> or you can ask me on <a href=\"https://github.com/hexojs/hexo/issues\">GitHub</a>.</p>\n<h2 id=\"Quick-Start\"><a href=\"#Quick-Start\" class=\"headerlink\" title=\"Quick Start\"></a>Quick Start</h2><h3 id=\"Create-a-new-post\"><a href=\"#Create-a-new-post\" class=\"headerlink\" title=\"Create a new post\"></a>Create a new post</h3><figure class=\"highlight bash\"><table><tr><td class=\"gutter\"><pre><span class=\"line\">1</span><br></pre></td><td class=\"code\"><pre><span class=\"line\">$ hexo new <span class=\"string\">&quot;My New Post&quot;</span></span><br></pre></td></tr></table></figure>\n\n<p>More info: <a href=\"https://hexo.io/docs/writing.html\">Writing</a></p>\n<h3 id=\"Run-server\"><a href=\"#Run-server\" class=\"headerlink\" title=\"Run server\"></a>Run server</h3><figure class=\"highlight bash\"><table><tr><td class=\"gutter\"><pre><span class=\"line\">1</span><br></pre></td><td class=\"code\"><pre><span class=\"line\">$ hexo server</span><br></pre></td></tr></table></figure>\n\n<p>More info: <a href=\"https://hexo.io/docs/server.html\">Server</a></p>\n<h3 id=\"Generate-static-files\"><a href=\"#Generate-static-files\" class=\"headerlink\" title=\"Generate static files\"></a>Generate static files</h3><figure class=\"highlight bash\"><table><tr><td class=\"gutter\"><pre><span class=\"line\">1</span><br></pre></td><td class=\"code\"><pre><span class=\"line\">$ hexo generate</span><br></pre></td></tr></table></figure>\n\n<p>More info: <a href=\"https://hexo.io/docs/generating.html\">Generating</a></p>\n<h3 id=\"Deploy-to-remote-sites\"><a href=\"#Deploy-to-remote-sites\" class=\"headerlink\" title=\"Deploy to remote sites\"></a>Deploy to remote sites</h3><figure class=\"highlight bash\"><table><tr><td class=\"gutter\"><pre><span class=\"line\">1</span><br></pre></td><td class=\"code\"><pre><span class=\"line\">$ hexo deploy</span><br></pre></td></tr></table></figure>\n\n<p>More info: <a href=\"https://hexo.io/docs/one-command-deployment.html\">Deployment</a></p>\n","site":{"data":{}},"excerpt":"","more":"<p>Welcome to <a href=\"https://hexo.io/\">Hexo</a>! This is your very first post. Check <a href=\"https://hexo.io/docs/\">documentation</a> for more info. If you get any problems when using Hexo, you can find the answer in <a href=\"https://hexo.io/docs/troubleshooting.html\">troubleshooting</a> or you can ask me on <a href=\"https://github.com/hexojs/hexo/issues\">GitHub</a>.</p>\n<h2 id=\"Quick-Start\"><a href=\"#Quick-Start\" class=\"headerlink\" title=\"Quick Start\"></a>Quick Start</h2><h3 id=\"Create-a-new-post\"><a href=\"#Create-a-new-post\" class=\"headerlink\" title=\"Create a new post\"></a>Create a new post</h3><figure class=\"highlight bash\"><table><tr><td class=\"gutter\"><pre><span class=\"line\">1</span><br></pre></td><td class=\"code\"><pre><span class=\"line\">$ hexo new <span class=\"string\">&quot;My New Post&quot;</span></span><br></pre></td></tr></table></figure>\n\n<p>More info: <a href=\"https://hexo.io/docs/writing.html\">Writing</a></p>\n<h3 id=\"Run-server\"><a href=\"#Run-server\" class=\"headerlink\" title=\"Run server\"></a>Run server</h3><figure class=\"highlight bash\"><table><tr><td class=\"gutter\"><pre><span class=\"line\">1</span><br></pre></td><td class=\"code\"><pre><span class=\"line\">$ hexo server</span><br></pre></td></tr></table></figure>\n\n<p>More info: <a href=\"https://hexo.io/docs/server.html\">Server</a></p>\n<h3 id=\"Generate-static-files\"><a href=\"#Generate-static-files\" class=\"headerlink\" title=\"Generate static files\"></a>Generate static files</h3><figure class=\"highlight bash\"><table><tr><td class=\"gutter\"><pre><span class=\"line\">1</span><br></pre></td><td class=\"code\"><pre><span class=\"line\">$ hexo generate</span><br></pre></td></tr></table></figure>\n\n<p>More info: <a href=\"https://hexo.io/docs/generating.html\">Generating</a></p>\n<h3 id=\"Deploy-to-remote-sites\"><a href=\"#Deploy-to-remote-sites\" class=\"headerlink\" title=\"Deploy to remote sites\"></a>Deploy to remote sites</h3><figure class=\"highlight bash\"><table><tr><td class=\"gutter\"><pre><span class=\"line\">1</span><br></pre></td><td class=\"code\"><pre><span class=\"line\">$ hexo deploy</span><br></pre></td></tr></table></figure>\n\n<p>More info: <a href=\"https://hexo.io/docs/one-command-deployment.html\">Deployment</a></p>\n"},{"title":"MyFirstBlog","date":"2021-04-06T12:22:23.000Z","_content":"","source":"_posts/MyFirstBlog.md","raw":"---\ntitle: MyFirstBlog\ndate: 2021-04-06 20:22:23\ntags:\n---\n","slug":"MyFirstBlog","published":1,"updated":"2021-04-06T12:22:23.082Z","comments":1,"layout":"post","photos":[],"link":"","_id":"ckn5ztcv10000egvj5que9nrb","content":"","site":{"data":{}},"excerpt":"","more":""}],"PostAsset":[],"PostCategory":[],"PostTag":[],"Tag":[]}}